article_key,gold_epu,disagreement_flag,condition,🤖 google/gemini-3.1-pro-preview
Current_1,0,1,long,1.0
Current_1,0,1,medium,1.0
Current_1,0,1,short,1.0
Current_100,0,1,long,1.0
Current_100,0,1,medium,1.0
Current_100,0,1,short,1.0
Current_1001,0,0,long,1.0
Current_1001,0,0,medium,1.0
Current_1001,0,0,short,1.0
Current_1009,1,1,long,0.0
Current_1009,1,1,medium,0.0
Current_1009,1,1,short,0.0
Current_101,0,1,long,1.0
Current_101,0,1,medium,1.0
Current_101,0,1,short,1.0
Current_1022,1,0,long,0.0
Current_1022,1,0,medium,0.0
Current_1022,1,0,short,0.0
Current_1031,0,0,long,1.0
Current_1031,0,0,medium,1.0
Current_1031,0,0,short,1.0
Current_1032,0,0,long,1.0
Current_1032,0,0,medium,1.0
Current_1032,0,0,short,1.0
Current_1033,1,0,long,0.0
Current_1033,1,0,medium,0.0
Current_1033,1,0,short,0.0
Current_1036,1,1,long,0.0
Current_1036,1,1,medium,0.0
Current_1036,1,1,short,0.0
Current_104,0,0,long,1.0
Current_104,0,0,medium,1.0
Current_104,0,0,short,1.0
Current_1040,1,0,long,0.0
Current_1040,1,0,medium,1.0
Current_1040,1,0,short,0.0
Current_1051,1,1,long,0.0
Current_1051,1,1,medium,0.0
Current_1051,1,1,short,0.0
Current_1061,1,1,long,1.0
Current_1061,1,1,medium,0.0
Current_1061,1,1,short,0.0
Current_1062,0,0,long,1.0
Current_1062,0,0,medium,1.0
Current_1062,0,0,short,1.0
Current_1064,1,1,long,0.0
Current_1064,1,1,medium,0.0
Current_1064,1,1,short,0.0
Current_107,0,1,long,1.0
Current_107,0,1,medium,1.0
Current_107,0,1,short,1.0
Current_1071,0,0,long,1.0
Current_1071,0,0,medium,1.0
Current_1071,0,0,short,1.0
Current_1072,1,1,long,0.0
Current_1072,1,1,medium,0.0
Current_1072,1,1,short,0.0
Current_1074,1,0,long,1.0
Current_1074,1,0,medium,1.0
Current_1074,1,0,short,1.0
Current_1077,1,1,long,1.0
Current_1077,1,1,medium,1.0
Current_1077,1,1,short,0.0
Current_1078,1,0,long,1.0
Current_1078,1,0,medium,1.0
Current_1078,1,0,short,1.0
Current_108,0,0,long,1.0
Current_108,0,0,medium,1.0
Current_108,0,0,short,1.0
Current_1083,0,0,long,1.0
Current_1083,0,0,medium,1.0
Current_1083,0,0,short,1.0
Current_1086,0,0,long,1.0
Current_1086,0,0,medium,1.0
Current_1086,0,0,short,1.0
Current_1087,1,0,long,1.0
Current_1087,1,0,medium,1.0
Current_1087,1,0,short,1.0
Current_1089,1,1,long,0.0
Current_1089,1,1,medium,0.0
Current_1089,1,1,short,0.0
Current_1095,0,0,long,0.0
Current_1095,0,0,medium,0.0
Current_1095,0,0,short,0.0
Current_1097,0,1,long,0.0
Current_1097,0,1,medium,0.0
Current_1097,0,1,short,0.0
Current_1099,1,0,long,1.0
Current_1099,1,0,medium,1.0
Current_1099,1,0,short,1.0
Current_110,0,0,long,1.0
Current_110,0,0,medium,1.0
Current_110,0,0,short,1.0
Current_1102,1,1,long,1.0
Current_1102,1,1,medium,1.0
Current_1102,1,1,short,1.0
Current_1105,0,0,long,1.0
Current_1105,0,0,medium,1.0
Current_1105,0,0,short,1.0
Current_111,1,1,long,1.0
Current_111,1,1,medium,1.0
Current_111,1,1,short,1.0
Current_1113,0,0,long,1.0
Current_1113,0,0,medium,1.0
Current_1113,0,0,short,1.0
Current_1120,1,0,long,0.0
Current_1120,1,0,medium,0.0
Current_1120,1,0,short,0.0
Current_1126,0,0,long,1.0
Current_1126,0,0,medium,1.0
Current_1126,0,0,short,1.0
Current_1128,1,0,long,1.0
Current_1128,1,0,medium,1.0
Current_1128,1,0,short,1.0
Current_113,0,1,long,1.0
Current_113,0,1,medium,1.0
Current_113,0,1,short,1.0
Current_1131,0,0,long,1.0
Current_1131,0,0,medium,1.0
Current_1131,0,0,short,1.0
Current_1133,1,1,long,1.0
Current_1133,1,1,medium,1.0
Current_1133,1,1,short,1.0
Current_1136,0,0,long,1.0
Current_1136,0,0,medium,1.0
Current_1136,0,0,short,1.0
Current_1140,1,0,long,1.0
Current_1140,1,0,medium,1.0
Current_1140,1,0,short,0.0
Current_1146,0,1,long,0.0
Current_1146,0,1,medium,0.0
Current_1146,0,1,short,0.0
Current_1148,0,0,long,0.0
Current_1148,0,0,medium,0.0
Current_1148,0,0,short,0.0
Current_1150,0,0,long,1.0
Current_1150,0,0,medium,1.0
Current_1150,0,0,short,1.0
Current_1152,0,1,long,1.0
Current_1152,0,1,medium,1.0
Current_1152,0,1,short,1.0
Current_1153,0,0,long,1.0
Current_1153,0,0,medium,1.0
Current_1153,0,0,short,1.0
Current_1155,0,1,long,1.0
Current_1155,0,1,medium,1.0
Current_1155,0,1,short,1.0
Current_1157,0,1,long,1.0
Current_1157,0,1,medium,1.0
Current_1157,0,1,short,1.0
Current_1160,0,0,long,1.0
Current_1160,0,0,medium,1.0
Current_1160,0,0,short,1.0
Current_1162,1,0,long,0.0
Current_1162,1,0,medium,1.0
Current_1162,1,0,short,0.0
Current_1182,0,0,long,1.0
Current_1182,0,0,medium,1.0
Current_1182,0,0,short,1.0
Current_1189,1,1,long,1.0
Current_1189,1,1,medium,1.0
Current_1189,1,1,short,1.0
Current_1190,0,0,long,1.0
Current_1190,0,0,medium,1.0
Current_1190,0,0,short,1.0
Current_1196,1,1,long,1.0
Current_1196,1,1,medium,1.0
Current_1196,1,1,short,1.0
Current_1199,0,0,long,1.0
Current_1199,0,0,medium,0.0
Current_1199,0,0,short,0.0
Current_120,0,0,long,1.0
Current_120,0,0,medium,1.0
Current_120,0,0,short,1.0
Current_1209,0,0,long,1.0
Current_1209,0,0,medium,1.0
Current_1209,0,0,short,1.0
Current_1210,1,1,long,0.0
Current_1210,1,1,medium,0.0
Current_1210,1,1,short,0.0
Current_1211,1,1,long,0.0
Current_1211,1,1,medium,0.0
Current_1211,1,1,short,0.0
Current_1212,1,1,long,0.0
Current_1212,1,1,medium,0.0
Current_1212,1,1,short,0.0
Current_1224,1,0,long,1.0
Current_1224,1,0,medium,1.0
Current_1224,1,0,short,1.0
Current_1226,1,0,long,0.0
Current_1226,1,0,medium,0.0
Current_1226,1,0,short,0.0
Current_1230,0,0,long,1.0
Current_1230,0,0,medium,1.0
Current_1230,0,0,short,1.0
Current_1232,1,1,long,1.0
Current_1232,1,1,medium,1.0
Current_1232,1,1,short,1.0
Current_1233,0,0,long,1.0
Current_1233,0,0,medium,1.0
Current_1233,0,0,short,1.0
Current_1235,0,0,long,1.0
Current_1235,0,0,medium,1.0
Current_1235,0,0,short,1.0
Current_1236,0,0,long,1.0
Current_1236,0,0,medium,1.0
Current_1236,0,0,short,1.0
Current_1237,1,0,long,1.0
Current_1237,1,0,medium,0.0
Current_1237,1,0,short,1.0
Current_1246,0,0,long,1.0
Current_1246,0,0,medium,1.0
Current_1246,0,0,short,1.0
Current_1248,0,0,long,1.0
Current_1248,0,0,medium,1.0
Current_1248,0,0,short,1.0
Current_125,1,0,long,0.0
Current_125,1,0,medium,1.0
Current_125,1,0,short,0.0
Current_1260,0,0,long,1.0
Current_1260,0,0,medium,1.0
Current_1260,0,0,short,1.0
Current_1265,1,1,long,1.0
Current_1265,1,1,medium,1.0
Current_1265,1,1,short,0.0
Current_1267,0,0,long,0.0
Current_1267,0,0,medium,0.0
Current_1267,0,0,short,0.0
Current_1269,1,0,long,0.0
Current_1269,1,0,medium,0.0
Current_1269,1,0,short,0.0
Current_1270,0,0,long,1.0
Current_1270,0,0,medium,1.0
Current_1270,0,0,short,1.0
Current_1271,1,0,long,1.0
Current_1271,1,0,medium,1.0
Current_1271,1,0,short,1.0
Current_1273,1,1,long,0.0
Current_1273,1,1,medium,0.0
Current_1273,1,1,short,0.0
Current_1275,0,0,long,1.0
Current_1275,0,0,medium,1.0
Current_1275,0,0,short,1.0
Current_1279,0,0,long,1.0
Current_1279,0,0,medium,1.0
Current_1279,0,0,short,1.0
Current_128,1,1,long,0.0
Current_128,1,1,medium,0.0
Current_128,1,1,short,0.0
Current_1285,0,0,long,1.0
Current_1285,0,0,medium,1.0
Current_1285,0,0,short,1.0
Current_1286,1,1,long,0.0
Current_1286,1,1,medium,0.0
Current_1286,1,1,short,0.0
Current_1290,1,0,long,0.0
Current_1290,1,0,medium,0.0
Current_1290,1,0,short,0.0
Current_1296,0,0,long,1.0
Current_1296,0,0,medium,1.0
Current_1296,0,0,short,1.0
Current_1301,1,1,long,1.0
Current_1301,1,1,medium,1.0
Current_1301,1,1,short,1.0
Current_1307,1,1,long,0.0
Current_1307,1,1,medium,0.0
Current_1307,1,1,short,0.0
Current_1312,1,1,long,1.0
Current_1312,1,1,medium,1.0
Current_1312,1,1,short,1.0
Current_1313,1,1,long,1.0
Current_1313,1,1,medium,1.0
Current_1313,1,1,short,1.0
Current_1314,0,0,long,0.0
Current_1314,0,0,medium,0.0
Current_1314,0,0,short,0.0
Current_1318,1,0,long,1.0
Current_1318,1,0,medium,1.0
Current_1318,1,0,short,1.0
Current_1321,1,0,long,1.0
Current_1321,1,0,medium,1.0
Current_1321,1,0,short,1.0
Current_1326,0,0,long,1.0
Current_1326,0,0,medium,1.0
Current_1326,0,0,short,1.0
Current_1331,0,0,long,1.0
Current_1331,0,0,medium,1.0
Current_1331,0,0,short,1.0
Current_1332,1,0,long,0.0
Current_1332,1,0,medium,0.0
Current_1332,1,0,short,0.0
Current_1333,1,0,long,0.0
Current_1333,1,0,medium,0.0
Current_1333,1,0,short,0.0
Current_1335,0,0,long,1.0
Current_1335,0,0,medium,1.0
Current_1335,0,0,short,1.0
Current_1337,1,1,long,0.0
Current_1337,1,1,medium,0.0
Current_1337,1,1,short,0.0
Current_134,1,1,long,1.0
Current_134,1,1,medium,0.0
Current_134,1,1,short,0.0
Current_1346,0,0,long,0.0
Current_1346,0,0,medium,0.0
Current_1346,0,0,short,0.0
Current_1359,1,1,long,0.0
Current_1359,1,1,medium,0.0
Current_1359,1,1,short,0.0
Current_1360,1,1,long,0.0
Current_1360,1,1,medium,0.0
Current_1360,1,1,short,0.0
Current_1362,1,1,long,0.0
Current_1362,1,1,medium,1.0
Current_1362,1,1,short,1.0
Current_1365,0,0,long,1.0
Current_1365,0,0,medium,1.0
Current_1365,0,0,short,1.0
Current_1367,1,1,long,1.0
Current_1367,1,1,medium,1.0
Current_1367,1,1,short,1.0
Current_137,1,0,long,0.0
Current_137,1,0,medium,1.0
Current_137,1,0,short,1.0
Current_1372,1,1,long,0.0
Current_1372,1,1,medium,0.0
Current_1372,1,1,short,0.0
Current_1373,0,0,long,1.0
Current_1373,0,0,medium,1.0
Current_1373,0,0,short,1.0
Current_1379,0,0,long,1.0
Current_1379,0,0,medium,1.0
Current_1379,0,0,short,1.0
Current_1385,1,1,long,1.0
Current_1385,1,1,medium,1.0
Current_1385,1,1,short,1.0
Current_1387,1,0,long,1.0
Current_1387,1,0,medium,1.0
Current_1387,1,0,short,1.0
Current_1398,0,0,long,1.0
Current_1398,0,0,medium,1.0
Current_1398,0,0,short,1.0
Current_1400,0,0,long,1.0
Current_1400,0,0,medium,1.0
Current_1400,0,0,short,1.0
Current_1403,0,0,long,1.0
Current_1403,0,0,medium,1.0
Current_1403,0,0,short,1.0
Current_1405,0,0,long,1.0
Current_1405,0,0,medium,1.0
Current_1405,0,0,short,1.0
Current_142,0,0,long,1.0
Current_142,0,0,medium,1.0
Current_142,0,0,short,1.0
Current_1424,1,0,long,1.0
Current_1424,1,0,medium,1.0
Current_1424,1,0,short,1.0
Current_1427,1,0,long,1.0
Current_1427,1,0,medium,1.0
Current_1427,1,0,short,1.0
Current_1439,1,0,long,0.0
Current_1439,1,0,medium,0.0
Current_1439,1,0,short,0.0
Current_1440,0,0,long,1.0
Current_1440,0,0,medium,1.0
Current_1440,0,0,short,1.0
Current_1443,1,1,long,0.0
Current_1443,1,1,medium,0.0
Current_1443,1,1,short,0.0
Current_1445,1,0,long,0.0
Current_1445,1,0,medium,0.0
Current_1445,1,0,short,0.0
Current_1447,0,0,long,1.0
Current_1447,0,0,medium,1.0
Current_1447,0,0,short,1.0
Current_1448,1,0,long,1.0
Current_1448,1,0,medium,1.0
Current_1448,1,0,short,1.0
Current_1449,1,1,long,0.0
Current_1449,1,1,medium,0.0
Current_1449,1,1,short,0.0
Current_1452,1,0,long,1.0
Current_1452,1,0,medium,1.0
Current_1452,1,0,short,1.0
Current_1455,1,1,long,0.0
Current_1455,1,1,medium,0.0
Current_1455,1,1,short,0.0
Current_1456,1,1,long,0.0
Current_1456,1,1,medium,0.0
Current_1456,1,1,short,0.0
Current_1458,1,1,long,0.0
Current_1458,1,1,medium,0.0
Current_1458,1,1,short,0.0
Current_1459,0,0,long,1.0
Current_1459,0,0,medium,1.0
Current_1459,0,0,short,1.0
Current_146,1,1,long,0.0
Current_146,1,1,medium,0.0
Current_146,1,1,short,0.0
Current_1468,1,0,long,0.0
Current_1468,1,0,medium,0.0
Current_1468,1,0,short,0.0
Current_1470,1,1,long,1.0
Current_1470,1,1,medium,1.0
Current_1470,1,1,short,1.0
Current_1471,0,0,long,1.0
Current_1471,0,0,medium,1.0
Current_1471,0,0,short,1.0
Current_1474,1,0,long,1.0
Current_1474,1,0,medium,1.0
Current_1474,1,0,short,0.0
Current_1482,1,1,long,1.0
Current_1482,1,1,medium,0.0
Current_1482,1,1,short,0.0
Current_1485,1,1,long,0.0
Current_1485,1,1,medium,0.0
Current_1485,1,1,short,0.0
Current_1490,1,0,long,0.0
Current_1490,1,0,medium,0.0
Current_1490,1,0,short,0.0
Current_1492,0,0,long,1.0
Current_1492,0,0,medium,1.0
Current_1492,0,0,short,1.0
Current_1493,1,0,long,0.0
Current_1493,1,0,medium,0.0
Current_1493,1,0,short,0.0
Current_1494,1,1,long,0.0
Current_1494,1,1,medium,0.0
Current_1494,1,1,short,0.0
Current_15,0,0,long,1.0
Current_15,0,0,medium,1.0
Current_15,0,0,short,1.0
Current_1502,1,0,long,0.0
Current_1502,1,0,medium,0.0
Current_1502,1,0,short,0.0
Current_1506,1,1,long,0.0
Current_1506,1,1,medium,0.0
Current_1506,1,1,short,1.0
Current_1516,1,0,long,1.0
Current_1516,1,0,medium,1.0
Current_1516,1,0,short,1.0
Current_1517,1,1,long,0.0
Current_1517,1,1,medium,0.0
Current_1517,1,1,short,0.0
Current_1520,1,1,long,0.0
Current_1520,1,1,medium,0.0
Current_1520,1,1,short,0.0
Current_1521,0,0,long,1.0
Current_1521,0,0,medium,1.0
Current_1521,0,0,short,1.0
Current_1523,0,0,long,1.0
Current_1523,0,0,medium,1.0
Current_1523,0,0,short,1.0
Current_1528,0,0,long,1.0
Current_1528,0,0,medium,1.0
Current_1528,0,0,short,1.0
Current_153,0,0,long,0.0
Current_153,0,0,medium,0.0
Current_153,0,0,short,0.0
Current_1532,1,0,long,0.0
Current_1532,1,0,medium,0.0
Current_1532,1,0,short,0.0
Current_1533,1,0,long,1.0
Current_1533,1,0,medium,1.0
Current_1533,1,0,short,1.0
Current_1537,0,0,long,1.0
Current_1537,0,0,medium,1.0
Current_1537,0,0,short,1.0
Current_1539,0,0,long,1.0
Current_1539,0,0,medium,1.0
Current_1539,0,0,short,1.0
Current_1541,0,0,long,1.0
Current_1541,0,0,medium,1.0
Current_1541,0,0,short,1.0
Current_1549,1,0,long,0.0
Current_1549,1,0,medium,0.0
Current_1549,1,0,short,0.0
Current_1551,1,1,long,0.0
Current_1551,1,1,medium,0.0
Current_1551,1,1,short,0.0
Current_1552,1,0,long,1.0
Current_1552,1,0,medium,1.0
Current_1552,1,0,short,1.0
Current_1558,1,1,long,0.0
Current_1558,1,1,medium,0.0
Current_1558,1,1,short,0.0
Current_1560,1,0,long,0.0
Current_1560,1,0,medium,0.0
Current_1560,1,0,short,0.0
Current_1561,1,1,long,0.0
Current_1561,1,1,medium,0.0
Current_1561,1,1,short,0.0
Current_157,0,0,long,1.0
Current_157,0,0,medium,1.0
Current_157,0,0,short,1.0
Current_1570,0,0,long,1.0
Current_1570,0,0,medium,1.0
Current_1570,0,0,short,1.0
Current_1572,1,1,long,0.0
Current_1572,1,1,medium,0.0
Current_1572,1,1,short,0.0
Current_1578,1,0,long,1.0
Current_1578,1,0,medium,0.0
Current_1578,1,0,short,0.0
Current_1585,0,0,long,1.0
Current_1585,0,0,medium,1.0
Current_1585,0,0,short,1.0
Current_1588,0,0,long,1.0
Current_1588,0,0,medium,1.0
Current_1588,0,0,short,1.0
Current_1592,1,1,long,1.0
Current_1592,1,1,medium,1.0
Current_1592,1,1,short,1.0
Current_1599,1,1,long,0.0
Current_1599,1,1,medium,0.0
Current_1599,1,1,short,0.0
Current_16,0,0,long,1.0
Current_16,0,0,medium,1.0
Current_16,0,0,short,1.0
Current_1602,0,0,long,0.0
Current_1602,0,0,medium,0.0
Current_1602,0,0,short,0.0
Current_1607,1,1,long,0.0
Current_1607,1,1,medium,0.0
Current_1607,1,1,short,0.0
Current_1608,1,0,long,0.0
Current_1608,1,0,medium,0.0
Current_1608,1,0,short,0.0
Current_1610,1,0,long,1.0
Current_1610,1,0,medium,1.0
Current_1610,1,0,short,1.0
Current_1616,1,1,long,0.0
Current_1616,1,1,medium,0.0
Current_1616,1,1,short,0.0
Current_1618,1,1,long,0.0
Current_1618,1,1,medium,0.0
Current_1618,1,1,short,1.0
Current_1620,1,1,long,0.0
Current_1620,1,1,medium,0.0
Current_1620,1,1,short,0.0
Current_1622,1,0,long,1.0
Current_1622,1,0,medium,1.0
Current_1622,1,0,short,1.0
Current_1627,1,1,long,0.0
Current_1627,1,1,medium,0.0
Current_1627,1,1,short,0.0
Current_1634,1,0,long,0.0
Current_1634,1,0,medium,1.0
Current_1634,1,0,short,0.0
Current_1636,0,0,long,1.0
Current_1636,0,0,medium,1.0
Current_1636,0,0,short,1.0
Current_1637,0,0,long,1.0
Current_1637,0,0,medium,1.0
Current_1637,0,0,short,1.0
Current_1646,1,1,long,0.0
Current_1646,1,1,medium,0.0
Current_1646,1,1,short,0.0
Current_1647,1,0,long,0.0
Current_1647,1,0,medium,0.0
Current_1647,1,0,short,0.0
Current_1649,1,0,long,1.0
Current_1649,1,0,medium,1.0
Current_1649,1,0,short,1.0
Current_1650,1,1,long,0.0
Current_1650,1,1,medium,0.0
Current_1650,1,1,short,0.0
Current_1655,0,0,long,1.0
Current_1655,0,0,medium,1.0
Current_1655,0,0,short,1.0
Current_1659,1,1,long,0.0
Current_1659,1,1,medium,0.0
Current_1659,1,1,short,0.0
Current_1661,1,0,long,0.0
Current_1661,1,0,medium,0.0
Current_1661,1,0,short,0.0
Current_1664,0,0,long,1.0
Current_1664,0,0,medium,1.0
Current_1664,0,0,short,1.0
Current_1666,1,0,long,1.0
Current_1666,1,0,medium,1.0
Current_1666,1,0,short,1.0
Current_1667,0,1,long,1.0
Current_1667,0,1,medium,1.0
Current_1667,0,1,short,1.0
Current_1669,0,1,long,0.0
Current_1669,0,1,medium,0.0
Current_1669,0,1,short,0.0
Current_1673,1,0,long,1.0
Current_1673,1,0,medium,1.0
Current_1673,1,0,short,1.0
Current_1678,0,0,long,1.0
Current_1678,0,0,medium,1.0
Current_1678,0,0,short,1.0
Current_1681,0,1,long,1.0
Current_1681,0,1,medium,1.0
Current_1681,0,1,short,0.0
Current_1683,0,1,long,0.0
Current_1683,0,1,medium,0.0
Current_1683,0,1,short,0.0
Current_1690,0,0,long,1.0
Current_1690,0,0,medium,1.0
Current_1690,0,0,short,1.0
Current_1691,1,1,long,0.0
Current_1691,1,1,medium,0.0
Current_1691,1,1,short,0.0
Current_1706,0,0,long,1.0
Current_1706,0,0,medium,1.0
Current_1706,0,0,short,1.0
Current_171,1,1,long,0.0
Current_171,1,1,medium,0.0
Current_171,1,1,short,0.0
Current_1711,0,0,long,1.0
Current_1711,0,0,medium,1.0
Current_1711,0,0,short,1.0
Current_1716,1,0,long,0.0
Current_1716,1,0,medium,0.0
Current_1716,1,0,short,0.0
Current_1718,0,0,long,1.0
Current_1718,0,0,medium,1.0
Current_1718,0,0,short,1.0
Current_1728,1,0,long,1.0
Current_1728,1,0,medium,1.0
Current_1728,1,0,short,1.0
Current_1730,0,0,long,1.0
Current_1730,0,0,medium,1.0
Current_1730,0,0,short,1.0
Current_1731,0,0,long,1.0
Current_1731,0,0,medium,1.0
Current_1731,0,0,short,1.0
Current_1733,1,0,long,1.0
Current_1733,1,0,medium,1.0
Current_1733,1,0,short,1.0
Current_1737,1,0,long,1.0
Current_1737,1,0,medium,1.0
Current_1737,1,0,short,1.0
Current_1738,1,0,long,1.0
Current_1738,1,0,medium,1.0
Current_1738,1,0,short,1.0
Current_1741,0,0,long,1.0
Current_1741,0,0,medium,1.0
Current_1741,0,0,short,1.0
Current_175,0,0,long,1.0
Current_175,0,0,medium,1.0
Current_175,0,0,short,1.0
Current_1750,0,0,long,1.0
Current_1750,0,0,medium,1.0
Current_1750,0,0,short,1.0
Current_1756,1,0,long,1.0
Current_1756,1,0,medium,1.0
Current_1756,1,0,short,1.0
Current_176,1,1,long,0.0
Current_176,1,1,medium,0.0
Current_176,1,1,short,0.0
Current_1764,1,0,long,0.0
Current_1764,1,0,medium,0.0
Current_1764,1,0,short,0.0
Current_1784,1,0,long,0.0
Current_1784,1,0,medium,0.0
Current_1784,1,0,short,0.0
Current_1791,1,0,long,1.0
Current_1791,1,0,medium,1.0
Current_1791,1,0,short,1.0
Current_1795,0,0,long,1.0
Current_1795,0,0,medium,1.0
Current_1795,0,0,short,1.0
Current_18,1,1,long,0.0
Current_18,1,1,medium,0.0
Current_18,1,1,short,0.0
Current_1804,0,0,long,1.0
Current_1804,0,0,medium,1.0
Current_1804,0,0,short,1.0
Current_1806,0,0,long,1.0
Current_1806,0,0,medium,1.0
Current_1806,0,0,short,1.0
Current_1807,0,0,long,1.0
Current_1807,0,0,medium,1.0
Current_1807,0,0,short,1.0
Current_1813,1,0,long,1.0
Current_1813,1,0,medium,1.0
Current_1813,1,0,short,1.0
Current_1815,0,0,long,1.0
Current_1815,0,0,medium,1.0
Current_1815,0,0,short,1.0
Current_1820,0,0,long,1.0
Current_1820,0,0,medium,1.0
Current_1820,0,0,short,1.0
Current_1823,1,0,long,1.0
Current_1823,1,0,medium,1.0
Current_1823,1,0,short,1.0
Current_1824,1,0,long,0.0
Current_1824,1,0,medium,0.0
Current_1824,1,0,short,0.0
Current_1827,0,0,long,1.0
Current_1827,0,0,medium,1.0
Current_1827,0,0,short,1.0
Current_183,0,0,long,1.0
Current_183,0,0,medium,1.0
Current_183,0,0,short,1.0
Current_184,1,1,long,0.0
Current_184,1,1,medium,0.0
Current_184,1,1,short,0.0
Current_1842,0,0,long,1.0
Current_1842,0,0,medium,1.0
Current_1842,0,0,short,1.0
Current_1851,0,0,long,1.0
Current_1851,0,0,medium,1.0
Current_1851,0,0,short,1.0
Current_1854,0,0,long,1.0
Current_1854,0,0,medium,1.0
Current_1854,0,0,short,1.0
Current_1857,1,0,long,1.0
Current_1857,1,0,medium,1.0
Current_1857,1,0,short,1.0
Current_1861,0,0,long,1.0
Current_1861,0,0,medium,1.0
Current_1861,0,0,short,1.0
Current_1866,0,0,long,1.0
Current_1866,0,0,medium,1.0
Current_1866,0,0,short,1.0
Current_1870,1,0,long,1.0
Current_1870,1,0,medium,1.0
Current_1870,1,0,short,1.0
Current_1872,0,0,long,1.0
Current_1872,0,0,medium,1.0
Current_1872,0,0,short,1.0
Current_1877,0,0,long,1.0
Current_1877,0,0,medium,1.0
Current_1877,0,0,short,1.0
Current_1882,0,0,long,1.0
Current_1882,0,0,medium,1.0
Current_1882,0,0,short,1.0
Current_1898,0,0,long,1.0
Current_1898,0,0,medium,1.0
Current_1898,0,0,short,1.0
Current_191,0,0,long,1.0
Current_191,0,0,medium,1.0
Current_191,0,0,short,1.0
Current_1912,1,0,long,0.0
Current_1912,1,0,medium,0.0
Current_1912,1,0,short,0.0
Current_1915,0,0,long,1.0
Current_1915,0,0,medium,1.0
Current_1915,0,0,short,1.0
Current_1922,0,0,long,1.0
Current_1922,0,0,medium,1.0
Current_1922,0,0,short,1.0
Current_1931,1,0,long,0.0
Current_1931,1,0,medium,0.0
Current_1931,1,0,short,0.0
Current_1932,0,0,long,1.0
Current_1932,0,0,medium,1.0
Current_1932,0,0,short,1.0
Current_1939,0,0,long,1.0
Current_1939,0,0,medium,1.0
Current_1939,0,0,short,1.0
Current_1945,0,0,long,1.0
Current_1945,0,0,medium,1.0
Current_1945,0,0,short,1.0
Current_1951,0,0,long,1.0
Current_1951,0,0,medium,1.0
Current_1951,0,0,short,1.0
Current_1953,1,0,long,0.0
Current_1953,1,0,medium,0.0
Current_1953,1,0,short,0.0
Current_1954,0,0,long,1.0
Current_1954,0,0,medium,1.0
Current_1954,0,0,short,1.0
Current_1962,1,0,long,0.0
Current_1962,1,0,medium,0.0
Current_1962,1,0,short,0.0
Current_1971,0,0,long,1.0
Current_1971,0,0,medium,1.0
Current_1971,0,0,short,1.0
Current_1974,0,0,long,1.0
Current_1974,0,0,medium,1.0
Current_1974,0,0,short,1.0
Current_1975,1,0,long,1.0
Current_1975,1,0,medium,1.0
Current_1975,1,0,short,1.0
Current_1982,1,0,long,0.0
Current_1982,1,0,medium,0.0
Current_1982,1,0,short,0.0
Current_1983,1,0,long,1.0
Current_1983,1,0,medium,1.0
Current_1983,1,0,short,0.0
Current_1989,1,0,long,1.0
Current_1989,1,0,medium,1.0
Current_1989,1,0,short,1.0
Current_199,1,1,long,0.0
Current_199,1,1,medium,0.0
Current_199,1,1,short,0.0
Current_1997,1,0,long,0.0
Current_1997,1,0,medium,0.0
Current_1997,1,0,short,0.0
Current_2,1,1,long,0.0
Current_2,1,1,medium,0.0
Current_2,1,1,short,0.0
Current_200,0,0,long,1.0
Current_200,0,0,medium,1.0
Current_200,0,0,short,1.0
Current_2001,0,0,long,1.0
Current_2001,0,0,medium,1.0
Current_2001,0,0,short,1.0
Current_2010,0,0,long,1.0
Current_2010,0,0,medium,1.0
Current_2010,0,0,short,1.0
Current_2014,0,0,long,1.0
Current_2014,0,0,medium,1.0
Current_2014,0,0,short,1.0
Current_2017,0,0,long,1.0
Current_2017,0,0,medium,1.0
Current_2017,0,0,short,1.0
Current_2025,0,0,long,1.0
Current_2025,0,0,medium,1.0
Current_2025,0,0,short,1.0
Current_2027,1,0,long,0.0
Current_2027,1,0,medium,0.0
Current_2027,1,0,short,0.0
Current_2029,0,0,long,1.0
Current_2029,0,0,medium,0.0
Current_2029,0,0,short,0.0
Current_205,0,0,long,1.0
Current_205,0,0,medium,1.0
Current_205,0,0,short,1.0
Current_22,0,0,long,1.0
Current_22,0,0,medium,1.0
Current_22,0,0,short,1.0
Current_226,0,0,long,1.0
Current_226,0,0,medium,1.0
Current_226,0,0,short,1.0
Current_237,1,1,long,0.0
Current_237,1,1,medium,0.0
Current_237,1,1,short,0.0
Current_239,1,0,long,0.0
Current_239,1,0,medium,0.0
Current_239,1,0,short,0.0
Current_24,0,0,long,1.0
Current_24,0,0,medium,1.0
Current_24,0,0,short,1.0
Current_246,0,0,long,1.0
Current_246,0,0,medium,1.0
Current_246,0,0,short,1.0
Current_25,1,0,long,1.0
Current_25,1,0,medium,1.0
Current_25,1,0,short,1.0
Current_250,0,0,long,1.0
Current_250,0,0,medium,1.0
Current_250,0,0,short,1.0
Current_256,0,0,long,1.0
Current_256,0,0,medium,1.0
Current_256,0,0,short,1.0
Current_261,0,0,long,1.0
Current_261,0,0,medium,1.0
Current_261,0,0,short,1.0
Current_264,1,1,long,1.0
Current_264,1,1,medium,1.0
Current_264,1,1,short,1.0
Current_27,0,0,long,1.0
Current_27,0,0,medium,1.0
Current_27,0,0,short,0.0
Current_270,0,0,long,1.0
Current_270,0,0,medium,1.0
Current_270,0,0,short,1.0
Current_272,0,0,long,1.0
Current_272,0,0,medium,1.0
Current_272,0,0,short,1.0
Current_273,1,1,long,1.0
Current_273,1,1,medium,1.0
Current_273,1,1,short,1.0
Current_284,0,1,long,1.0
Current_284,0,1,medium,1.0
Current_284,0,1,short,1.0
Current_289,0,0,long,0.0
Current_289,0,0,medium,1.0
Current_289,0,0,short,1.0
Current_292,0,1,long,1.0
Current_292,0,1,medium,0.0
Current_292,0,1,short,1.0
Current_297,0,0,long,1.0
Current_297,0,0,medium,1.0
Current_297,0,0,short,1.0
Current_3,0,1,long,1.0
Current_3,0,1,medium,1.0
Current_3,0,1,short,1.0
Current_306,1,1,long,1.0
Current_306,1,1,medium,1.0
Current_306,1,1,short,1.0
Current_308,1,1,long,0.0
Current_308,1,1,medium,0.0
Current_308,1,1,short,0.0
Current_309,1,0,long,0.0
Current_309,1,0,medium,0.0
Current_309,1,0,short,0.0
Current_31,1,1,long,0.0
Current_31,1,1,medium,0.0
Current_31,1,1,short,0.0
Current_315,1,1,long,1.0
Current_315,1,1,medium,1.0
Current_315,1,1,short,1.0
Current_319,1,1,long,0.0
Current_319,1,1,medium,0.0
Current_319,1,1,short,0.0
Current_32,1,1,long,0.0
Current_32,1,1,medium,0.0
Current_32,1,1,short,0.0
Current_320,1,0,long,0.0
Current_320,1,0,medium,1.0
Current_320,1,0,short,1.0
Current_326,1,0,long,0.0
Current_326,1,0,medium,0.0
Current_326,1,0,short,0.0
Current_34,1,1,long,1.0
Current_34,1,1,medium,0.0
Current_34,1,1,short,1.0
Current_341,1,1,long,0.0
Current_341,1,1,medium,0.0
Current_341,1,1,short,0.0
Current_353,0,1,long,1.0
Current_353,0,1,medium,1.0
Current_353,0,1,short,1.0
Current_358,1,0,long,0.0
Current_358,1,0,medium,0.0
Current_358,1,0,short,0.0
Current_363,0,1,long,1.0
Current_363,0,1,medium,1.0
Current_363,0,1,short,1.0
Current_371,0,0,long,1.0
Current_371,0,0,medium,1.0
Current_371,0,0,short,1.0
Current_378,0,0,long,1.0
Current_378,0,0,medium,1.0
Current_378,0,0,short,1.0
Current_379,1,0,long,1.0
Current_379,1,0,medium,1.0
Current_379,1,0,short,1.0
Current_38,0,0,long,0.0
Current_38,0,0,medium,0.0
Current_38,0,0,short,0.0
Current_380,1,1,long,0.0
Current_380,1,1,medium,0.0
Current_380,1,1,short,0.0
Current_381,1,0,long,1.0
Current_381,1,0,medium,1.0
Current_381,1,0,short,0.0
Current_391,1,0,long,1.0
Current_391,1,0,medium,1.0
Current_391,1,0,short,1.0
Current_399,0,0,long,1.0
Current_399,0,0,medium,1.0
Current_399,0,0,short,1.0
Current_411,1,0,long,1.0
Current_411,1,0,medium,1.0
Current_411,1,0,short,1.0
Current_414,1,1,long,1.0
Current_414,1,1,medium,1.0
Current_414,1,1,short,1.0
Current_430,0,0,long,1.0
Current_430,0,0,medium,1.0
Current_430,0,0,short,1.0
Current_435,1,1,long,1.0
Current_435,1,1,medium,1.0
Current_435,1,1,short,1.0
Current_437,0,0,long,0.0
Current_437,0,0,medium,1.0
Current_437,0,0,short,1.0
Current_438,0,0,long,0.0
Current_438,0,0,medium,0.0
Current_438,0,0,short,1.0
Current_445,1,1,long,0.0
Current_445,1,1,medium,0.0
Current_445,1,1,short,0.0
Current_449,1,1,long,0.0
Current_449,1,1,medium,0.0
Current_449,1,1,short,0.0
Current_451,1,1,long,1.0
Current_451,1,1,medium,1.0
Current_451,1,1,short,1.0
Current_453,1,1,long,0.0
Current_453,1,1,medium,0.0
Current_453,1,1,short,0.0
Current_456,1,0,long,0.0
Current_456,1,0,medium,0.0
Current_456,1,0,short,0.0
Current_459,0,0,long,1.0
Current_459,0,0,medium,1.0
Current_459,0,0,short,1.0
Current_461,1,1,long,0.0
Current_461,1,1,medium,0.0
Current_461,1,1,short,0.0
Current_465,1,1,long,1.0
Current_465,1,1,medium,1.0
Current_465,1,1,short,1.0
Current_466,1,0,long,1.0
Current_466,1,0,medium,1.0
Current_466,1,0,short,1.0
Current_480,0,0,long,0.0
Current_480,0,0,medium,0.0
Current_480,0,0,short,0.0
Current_481,1,0,long,0.0
Current_481,1,0,medium,0.0
Current_481,1,0,short,0.0
Current_486,0,0,long,1.0
Current_486,0,0,medium,1.0
Current_486,0,0,short,1.0
Current_487,0,0,long,1.0
Current_487,0,0,medium,1.0
Current_487,0,0,short,1.0
Current_491,1,0,long,1.0
Current_491,1,0,medium,1.0
Current_491,1,0,short,1.0
Current_493,1,0,long,1.0
Current_493,1,0,medium,1.0
Current_493,1,0,short,1.0
Current_50,0,0,long,1.0
Current_50,0,0,medium,1.0
Current_50,0,0,short,1.0
Current_501,1,1,long,0.0
Current_501,1,1,medium,0.0
Current_501,1,1,short,0.0
Current_502,0,0,long,1.0
Current_502,0,0,medium,1.0
Current_502,0,0,short,1.0
Current_505,0,0,long,1.0
Current_505,0,0,medium,1.0
Current_505,0,0,short,1.0
Current_51,0,0,long,1.0
Current_51,0,0,medium,1.0
Current_51,0,0,short,1.0
Current_510,0,0,long,1.0
Current_510,0,0,medium,1.0
Current_510,0,0,short,1.0
Current_516,1,0,long,1.0
Current_516,1,0,medium,1.0
Current_516,1,0,short,1.0
Current_521,1,1,long,0.0
Current_521,1,1,medium,0.0
Current_521,1,1,short,0.0
Current_523,1,1,long,1.0
Current_523,1,1,medium,1.0
Current_523,1,1,short,1.0
Current_524,1,1,long,1.0
Current_524,1,1,medium,0.0
Current_524,1,1,short,1.0
Current_526,1,0,long,1.0
Current_526,1,0,medium,1.0
Current_526,1,0,short,1.0
Current_528,1,1,long,0.0
Current_528,1,1,medium,0.0
Current_528,1,1,short,0.0
Current_530,0,0,long,1.0
Current_530,0,0,medium,1.0
Current_530,0,0,short,1.0
Current_534,0,0,long,0.0
Current_534,0,0,medium,0.0
Current_534,0,0,short,0.0
Current_537,1,1,long,0.0
Current_537,1,1,medium,0.0
Current_537,1,1,short,0.0
Current_544,1,0,long,1.0
Current_544,1,0,medium,1.0
Current_544,1,0,short,1.0
Current_548,1,0,long,1.0
Current_548,1,0,medium,1.0
Current_548,1,0,short,1.0
Current_55,0,0,long,1.0
Current_55,0,0,medium,1.0
Current_55,0,0,short,1.0
Current_550,0,0,long,1.0
Current_550,0,0,medium,1.0
Current_550,0,0,short,1.0
Current_552,0,0,long,1.0
Current_552,0,0,medium,1.0
Current_552,0,0,short,1.0
Current_556,0,1,long,0.0
Current_556,0,1,medium,0.0
Current_556,0,1,short,0.0
Current_557,0,1,long,1.0
Current_557,0,1,medium,1.0
Current_557,0,1,short,1.0
Current_558,0,0,long,1.0
Current_558,0,0,medium,1.0
Current_558,0,0,short,1.0
Current_560,0,0,long,1.0
Current_560,0,0,medium,1.0
Current_560,0,0,short,1.0
Current_562,0,1,long,1.0
Current_562,0,1,medium,1.0
Current_562,0,1,short,1.0
Current_564,0,0,long,1.0
Current_564,0,0,medium,1.0
Current_564,0,0,short,1.0
Current_575,0,0,long,1.0
Current_575,0,0,medium,1.0
Current_575,0,0,short,1.0
Current_58,1,1,long,0.0
Current_58,1,1,medium,0.0
Current_58,1,1,short,0.0
Current_582,0,0,long,1.0
Current_582,0,0,medium,1.0
Current_582,0,0,short,1.0
Current_583,1,1,long,0.0
Current_583,1,1,medium,0.0
Current_583,1,1,short,0.0
Current_59,0,0,long,1.0
Current_59,0,0,medium,1.0
Current_59,0,0,short,1.0
Current_597,0,0,long,1.0
Current_597,0,0,medium,1.0
Current_597,0,0,short,1.0
Current_60,1,1,long,0.0
Current_60,1,1,medium,1.0
Current_60,1,1,short,0.0
Current_600,1,0,long,0.0
Current_600,1,0,medium,0.0
Current_600,1,0,short,0.0
Current_616,1,1,long,1.0
Current_616,1,1,medium,0.0
Current_616,1,1,short,1.0
Current_618,1,1,long,0.0
Current_618,1,1,medium,1.0
Current_618,1,1,short,0.0
Current_622,1,1,long,0.0
Current_622,1,1,medium,0.0
Current_622,1,1,short,0.0
Current_623,0,0,long,1.0
Current_623,0,0,medium,1.0
Current_623,0,0,short,1.0
Current_628,0,0,long,1.0
Current_628,0,0,medium,1.0
Current_628,0,0,short,1.0
Current_629,0,0,long,1.0
Current_629,0,0,medium,1.0
Current_629,0,0,short,1.0
Current_631,1,1,long,0.0
Current_631,1,1,medium,0.0
Current_631,1,1,short,0.0
Current_636,1,1,long,0.0
Current_636,1,1,medium,0.0
Current_636,1,1,short,0.0
Current_639,0,0,long,1.0
Current_639,0,0,medium,1.0
Current_639,0,0,short,1.0
Current_646,1,0,long,1.0
Current_646,1,0,medium,1.0
Current_646,1,0,short,0.0
Current_649,0,0,long,1.0
Current_649,0,0,medium,1.0
Current_649,0,0,short,1.0
Current_653,0,0,long,1.0
Current_653,0,0,medium,1.0
Current_653,0,0,short,1.0
Current_654,0,0,long,1.0
Current_654,0,0,medium,1.0
Current_654,0,0,short,1.0
Current_657,1,1,long,0.0
Current_657,1,1,medium,0.0
Current_657,1,1,short,0.0
Current_663,0,0,long,1.0
Current_663,0,0,medium,1.0
Current_663,0,0,short,1.0
Current_67,0,0,long,1.0
Current_67,0,0,medium,1.0
Current_67,0,0,short,1.0
Current_676,0,0,long,1.0
Current_676,0,0,medium,1.0
Current_676,0,0,short,1.0
Current_679,1,0,long,0.0
Current_679,1,0,medium,0.0
Current_679,1,0,short,0.0
Current_681,0,0,long,1.0
Current_681,0,0,medium,1.0
Current_681,0,0,short,1.0
Current_682,0,0,long,1.0
Current_682,0,0,medium,1.0
Current_682,0,0,short,1.0
Current_689,0,0,long,1.0
Current_689,0,0,medium,1.0
Current_689,0,0,short,1.0
Current_7,0,1,long,0.0
Current_7,0,1,medium,0.0
Current_7,0,1,short,1.0
Current_70,1,0,long,0.0
Current_70,1,0,medium,0.0
Current_70,1,0,short,0.0
Current_703,0,0,long,1.0
Current_703,0,0,medium,1.0
Current_703,0,0,short,1.0
Current_704,0,0,long,1.0
Current_704,0,0,medium,1.0
Current_704,0,0,short,1.0
Current_707,1,0,long,0.0
Current_707,1,0,medium,0.0
Current_707,1,0,short,0.0
Current_708,1,1,long,0.0
Current_708,1,1,medium,0.0
Current_708,1,1,short,0.0
Current_71,0,0,long,1.0
Current_71,0,0,medium,1.0
Current_71,0,0,short,1.0
Current_710,1,1,long,0.0
Current_710,1,1,medium,0.0
Current_710,1,1,short,0.0
Current_728,0,0,long,1.0
Current_728,0,0,medium,1.0
Current_728,0,0,short,1.0
Current_73,1,0,long,0.0
Current_73,1,0,medium,0.0
Current_73,1,0,short,0.0
Current_733,0,0,long,1.0
Current_733,0,0,medium,1.0
Current_733,0,0,short,1.0
Current_735,1,1,long,0.0
Current_735,1,1,medium,0.0
Current_735,1,1,short,0.0
Current_738,1,1,long,0.0
Current_738,1,1,medium,0.0
Current_738,1,1,short,0.0
Current_74,0,0,long,1.0
Current_74,0,0,medium,1.0
Current_74,0,0,short,1.0
Current_741,1,1,long,1.0
Current_741,1,1,medium,1.0
Current_741,1,1,short,1.0
Current_748,1,1,long,0.0
Current_748,1,1,medium,0.0
Current_748,1,1,short,0.0
Current_752,1,1,long,0.0
Current_752,1,1,medium,0.0
Current_752,1,1,short,0.0
Current_764,1,1,long,0.0
Current_764,1,1,medium,0.0
Current_764,1,1,short,0.0
Current_765,0,0,long,1.0
Current_765,0,0,medium,1.0
Current_765,0,0,short,1.0
Current_767,1,0,long,0.0
Current_767,1,0,medium,0.0
Current_767,1,0,short,0.0
Current_769,1,0,long,0.0
Current_769,1,0,medium,0.0
Current_769,1,0,short,0.0
Current_77,1,1,long,0.0
Current_77,1,1,medium,0.0
Current_77,1,1,short,0.0
Current_774,1,1,long,0.0
Current_774,1,1,medium,0.0
Current_774,1,1,short,0.0
Current_780,1,1,long,0.0
Current_780,1,1,medium,0.0
Current_780,1,1,short,0.0
Current_788,0,0,long,1.0
Current_788,0,0,medium,1.0
Current_788,0,0,short,1.0
Current_79,0,0,long,1.0
Current_79,0,0,medium,1.0
Current_79,0,0,short,1.0
Current_798,1,1,long,1.0
Current_798,1,1,medium,1.0
Current_798,1,1,short,1.0
Current_8,1,1,long,0.0
Current_8,1,1,medium,0.0
Current_8,1,1,short,0.0
Current_80,1,1,long,0.0
Current_80,1,1,medium,0.0
Current_80,1,1,short,0.0
Current_808,0,0,long,0.0
Current_808,0,0,medium,0.0
Current_808,0,0,short,0.0
Current_814,1,1,long,0.0
Current_814,1,1,medium,0.0
Current_814,1,1,short,0.0
Current_815,0,0,long,1.0
Current_815,0,0,medium,1.0
Current_815,0,0,short,1.0
Current_818,1,1,long,0.0
Current_818,1,1,medium,0.0
Current_818,1,1,short,0.0
Current_823,1,1,long,1.0
Current_823,1,1,medium,1.0
Current_823,1,1,short,1.0
Current_826,0,1,long,1.0
Current_826,0,1,medium,0.0
Current_826,0,1,short,0.0
Current_83,1,0,long,0.0
Current_83,1,0,medium,0.0
Current_83,1,0,short,0.0
Current_830,1,0,long,1.0
Current_830,1,0,medium,1.0
Current_830,1,0,short,1.0
Current_834,0,1,long,0.0
Current_834,0,1,medium,0.0
Current_834,0,1,short,0.0
Current_835,1,0,long,1.0
Current_835,1,0,medium,1.0
Current_835,1,0,short,0.0
Current_837,0,0,long,0.0
Current_837,0,0,medium,1.0
Current_837,0,0,short,1.0
Current_840,1,1,long,1.0
Current_840,1,1,medium,1.0
Current_840,1,1,short,1.0
Current_842,0,0,long,1.0
Current_842,0,0,medium,1.0
Current_842,0,0,short,1.0
Current_848,1,1,long,0.0
Current_848,1,1,medium,0.0
Current_848,1,1,short,0.0
Current_852,0,0,long,1.0
Current_852,0,0,medium,1.0
Current_852,0,0,short,1.0
Current_854,1,1,long,1.0
Current_854,1,1,medium,1.0
Current_854,1,1,short,1.0
Current_862,0,0,long,1.0
Current_862,0,0,medium,1.0
Current_862,0,0,short,1.0
Current_868,0,0,long,1.0
Current_868,0,0,medium,1.0
Current_868,0,0,short,1.0
Current_874,1,1,long,0.0
Current_874,1,1,medium,0.0
Current_874,1,1,short,0.0
Current_875,0,0,long,1.0
Current_875,0,0,medium,1.0
Current_875,0,0,short,1.0
Current_876,1,1,long,0.0
Current_876,1,1,medium,0.0
Current_876,1,1,short,0.0
Current_878,1,1,long,0.0
Current_878,1,1,medium,0.0
Current_878,1,1,short,0.0
Current_882,1,1,long,1.0
Current_882,1,1,medium,1.0
Current_882,1,1,short,1.0
Current_883,1,1,long,0.0
Current_883,1,1,medium,0.0
Current_883,1,1,short,0.0
Current_89,0,0,long,1.0
Current_89,0,0,medium,1.0
Current_89,0,0,short,1.0
Current_890,1,1,long,0.0
Current_890,1,1,medium,0.0
Current_890,1,1,short,0.0
Current_891,0,0,long,1.0
Current_891,0,0,medium,1.0
Current_891,0,0,short,1.0
Current_892,1,0,long,1.0
Current_892,1,0,medium,1.0
Current_892,1,0,short,1.0
Current_894,1,1,long,0.0
Current_894,1,1,medium,0.0
Current_894,1,1,short,0.0
Current_906,0,0,long,1.0
Current_906,0,0,medium,1.0
Current_906,0,0,short,1.0
Current_909,0,0,long,1.0
Current_909,0,0,medium,1.0
Current_909,0,0,short,1.0
Current_91,0,0,long,1.0
Current_91,0,0,medium,1.0
Current_91,0,0,short,1.0
Current_910,0,0,long,1.0
Current_910,0,0,medium,1.0
Current_910,0,0,short,1.0
Current_915,0,0,long,1.0
Current_915,0,0,medium,1.0
Current_915,0,0,short,1.0
Current_918,0,0,long,1.0
Current_918,0,0,medium,1.0
Current_918,0,0,short,1.0
Current_921,1,1,long,0.0
Current_921,1,1,medium,0.0
Current_921,1,1,short,0.0
Current_928,0,0,long,1.0
Current_928,0,0,medium,1.0
Current_928,0,0,short,1.0
Current_931,0,0,long,1.0
Current_931,0,0,medium,1.0
Current_931,0,0,short,1.0
Current_935,1,1,long,0.0
Current_935,1,1,medium,0.0
Current_935,1,1,short,0.0
Current_936,1,0,long,1.0
Current_936,1,0,medium,1.0
Current_936,1,0,short,1.0
Current_940,1,0,long,0.0
Current_940,1,0,medium,0.0
Current_940,1,0,short,0.0
Current_941,0,0,long,1.0
Current_941,0,0,medium,1.0
Current_941,0,0,short,1.0
Current_942,1,0,long,1.0
Current_942,1,0,medium,1.0
Current_942,1,0,short,1.0
Current_946,1,1,long,0.0
Current_946,1,1,medium,0.0
Current_946,1,1,short,0.0
Current_950,1,1,long,0.0
Current_950,1,1,medium,0.0
Current_950,1,1,short,0.0
Current_961,0,1,long,1.0
Current_961,0,1,medium,1.0
Current_961,0,1,short,1.0
Current_963,1,1,long,0.0
Current_963,1,1,medium,0.0
Current_963,1,1,short,0.0
Current_966,1,1,long,0.0
Current_966,1,1,medium,0.0
Current_966,1,1,short,0.0
Current_967,1,0,long,1.0
Current_967,1,0,medium,1.0
Current_967,1,0,short,1.0
Current_969,0,1,long,1.0
Current_969,0,1,medium,1.0
Current_969,0,1,short,1.0
Current_972,0,1,long,0.0
Current_972,0,1,medium,1.0
Current_972,0,1,short,1.0
Current_973,0,1,long,1.0
Current_973,0,1,medium,1.0
Current_973,0,1,short,1.0
Current_974,0,0,long,1.0
Current_974,0,0,medium,1.0
Current_974,0,0,short,1.0
Current_976,0,0,long,1.0
Current_976,0,0,medium,1.0
Current_976,0,0,short,1.0
Current_98,1,1,long,0.0
Current_98,1,1,medium,0.0
Current_98,1,1,short,0.0
Current_982,0,0,long,1.0
Current_982,0,0,medium,1.0
Current_982,0,0,short,1.0
Current_984,1,0,long,1.0
Current_984,1,0,medium,1.0
Current_984,1,0,short,0.0
Current_986,0,1,long,1.0
Current_986,0,1,medium,1.0
Current_986,0,1,short,1.0
Current_988,0,1,long,1.0
Current_988,0,1,medium,1.0
Current_988,0,1,short,1.0
Current_992,0,1,long,1.0
Current_992,0,1,medium,1.0
Current_992,0,1,short,1.0
Current_994,1,1,long,0.0
Current_994,1,1,medium,0.0
Current_994,1,1,short,0.0
Current_998,0,1,long,1.0
Current_998,0,1,medium,1.0
Current_998,0,1,short,1.0
Midcentury_101,1,0,long,0.0
Midcentury_101,1,0,medium,0.0
Midcentury_101,1,0,short,0.0
Midcentury_1078,0,0,long,1.0
Midcentury_1078,0,0,medium,1.0
Midcentury_1078,0,0,short,1.0
Midcentury_1120,0,0,long,0.0
Midcentury_1120,0,0,medium,0.0
Midcentury_1120,0,0,short,0.0
Midcentury_1175,0,0,long,0.0
Midcentury_1175,0,0,medium,0.0
Midcentury_1175,0,0,short,0.0
Midcentury_1210,1,0,long,0.0
Midcentury_1210,1,0,medium,0.0
Midcentury_1210,1,0,short,0.0
Midcentury_1211,1,0,long,1.0
Midcentury_1211,1,0,medium,1.0
Midcentury_1211,1,0,short,1.0
Midcentury_1259,1,0,long,1.0
Midcentury_1259,1,0,medium,1.0
Midcentury_1259,1,0,short,1.0
Midcentury_1448,0,0,long,1.0
Midcentury_1448,0,0,medium,1.0
Midcentury_1448,0,0,short,1.0
Midcentury_1465,0,0,long,1.0
Midcentury_1465,0,0,medium,0.0
Midcentury_1465,0,0,short,0.0
Midcentury_1505,1,0,long,1.0
Midcentury_1505,1,0,medium,1.0
Midcentury_1505,1,0,short,1.0
Midcentury_1585,0,0,long,1.0
Midcentury_1585,0,0,medium,1.0
Midcentury_1585,0,0,short,1.0
Midcentury_1634,0,0,long,1.0
Midcentury_1634,0,0,medium,1.0
Midcentury_1634,0,0,short,1.0
Midcentury_1758,1,0,long,1.0
Midcentury_1758,1,0,medium,1.0
Midcentury_1758,1,0,short,1.0
Midcentury_1780,0,0,long,0.0
Midcentury_1780,0,0,medium,0.0
Midcentury_1780,0,0,short,0.0
Midcentury_1885,0,0,long,1.0
Midcentury_1885,0,0,medium,1.0
Midcentury_1885,0,0,short,1.0
Midcentury_1890,1,0,long,0.0
Midcentury_1890,1,0,medium,0.0
Midcentury_1890,1,0,short,0.0
Midcentury_1947,0,0,long,1.0
Midcentury_1947,0,0,medium,1.0
Midcentury_1947,0,0,short,1.0
Midcentury_200,0,0,long,1.0
Midcentury_200,0,0,medium,1.0
Midcentury_200,0,0,short,1.0
Midcentury_2037,0,0,long,1.0
Midcentury_2037,0,0,medium,1.0
Midcentury_2037,0,0,short,1.0
Midcentury_2064,0,0,long,1.0
Midcentury_2064,0,0,medium,1.0
Midcentury_2064,0,0,short,1.0
Midcentury_2102,0,0,long,1.0
Midcentury_2102,0,0,medium,1.0
Midcentury_2102,0,0,short,1.0
Midcentury_2134,0,0,long,0.0
Midcentury_2134,0,0,medium,0.0
Midcentury_2134,0,0,short,0.0
Midcentury_2299,1,0,long,1.0
Midcentury_2299,1,0,medium,1.0
Midcentury_2299,1,0,short,1.0
Midcentury_2398,0,0,long,1.0
Midcentury_2398,0,0,medium,1.0
Midcentury_2398,0,0,short,1.0
Midcentury_2443,1,0,long,0.0
Midcentury_2443,1,0,medium,0.0
Midcentury_2443,1,0,short,0.0
Midcentury_2467,1,0,long,0.0
Midcentury_2467,1,0,medium,0.0
Midcentury_2467,1,0,short,0.0
Midcentury_2489,1,0,long,1.0
Midcentury_2489,1,0,medium,0.0
Midcentury_2489,1,0,short,1.0
Midcentury_2529,1,0,long,1.0
Midcentury_2529,1,0,medium,1.0
Midcentury_2529,1,0,short,1.0
Midcentury_2572,0,0,long,1.0
Midcentury_2572,0,0,medium,1.0
Midcentury_2572,0,0,short,1.0
Midcentury_2604,1,0,long,1.0
Midcentury_2604,1,0,medium,1.0
Midcentury_2604,1,0,short,1.0
Midcentury_2619,0,0,long,1.0
Midcentury_2619,0,0,medium,1.0
Midcentury_2619,0,0,short,1.0
Midcentury_2628,1,0,long,1.0
Midcentury_2628,1,0,medium,1.0
Midcentury_2628,1,0,short,1.0
Midcentury_2633,0,0,long,1.0
Midcentury_2633,0,0,medium,0.0
Midcentury_2633,0,0,short,1.0
Midcentury_2675,1,0,long,1.0
Midcentury_2675,1,0,medium,1.0
Midcentury_2675,1,0,short,1.0
Midcentury_2729,1,0,long,1.0
Midcentury_2729,1,0,medium,1.0
Midcentury_2729,1,0,short,1.0
Midcentury_2735,0,0,long,1.0
Midcentury_2735,0,0,medium,1.0
Midcentury_2735,0,0,short,1.0
Midcentury_2799,1,0,long,1.0
Midcentury_2799,1,0,medium,1.0
Midcentury_2799,1,0,short,1.0
Midcentury_2987,1,0,long,0.0
Midcentury_2987,1,0,medium,0.0
Midcentury_2987,1,0,short,0.0
Midcentury_3098,1,0,long,1.0
Midcentury_3098,1,0,medium,1.0
Midcentury_3098,1,0,short,1.0
Midcentury_3106,0,0,long,1.0
Midcentury_3106,0,0,medium,1.0
Midcentury_3106,0,0,short,1.0
Midcentury_3167,0,0,long,1.0
Midcentury_3167,0,0,medium,1.0
Midcentury_3167,0,0,short,1.0
Midcentury_3349,0,0,long,1.0
Midcentury_3349,0,0,medium,1.0
Midcentury_3349,0,0,short,1.0
Midcentury_3411,1,0,long,0.0
Midcentury_3411,1,0,medium,0.0
Midcentury_3411,1,0,short,0.0
Midcentury_3550,0,0,long,1.0
Midcentury_3550,0,0,medium,1.0
Midcentury_3550,0,0,short,1.0
Midcentury_3685,1,0,long,1.0
Midcentury_3685,1,0,medium,1.0
Midcentury_3685,1,0,short,1.0
Midcentury_39,1,0,long,0.0
Midcentury_39,1,0,medium,0.0
Midcentury_39,1,0,short,0.0
Midcentury_4045,1,0,long,0.0
Midcentury_4045,1,0,medium,0.0
Midcentury_4045,1,0,short,0.0
Midcentury_4056,0,0,long,1.0
Midcentury_4056,0,0,medium,1.0
Midcentury_4056,0,0,short,1.0
Midcentury_4069,0,0,long,1.0
Midcentury_4069,0,0,medium,1.0
Midcentury_4069,0,0,short,1.0
Midcentury_4112,0,0,long,0.0
Midcentury_4112,0,0,medium,1.0
Midcentury_4112,0,0,short,1.0
Midcentury_4158,0,0,long,1.0
Midcentury_4158,0,0,medium,1.0
Midcentury_4158,0,0,short,1.0
Midcentury_4357,1,0,long,1.0
Midcentury_4357,1,0,medium,1.0
Midcentury_4357,1,0,short,1.0
Midcentury_4517,1,0,long,1.0
Midcentury_4517,1,0,medium,1.0
Midcentury_4517,1,0,short,1.0
Midcentury_4538,0,0,long,0.0
Midcentury_4538,0,0,medium,0.0
Midcentury_4538,0,0,short,0.0
Midcentury_4616,0,0,long,1.0
Midcentury_4616,0,0,medium,1.0
Midcentury_4616,0,0,short,1.0
Midcentury_4695,0,0,long,1.0
Midcentury_4695,0,0,medium,1.0
Midcentury_4695,0,0,short,1.0
Midcentury_4746,1,0,long,1.0
Midcentury_4746,1,0,medium,1.0
Midcentury_4746,1,0,short,1.0
Midcentury_4867,0,0,long,1.0
Midcentury_4867,0,0,medium,1.0
Midcentury_4867,0,0,short,1.0
Midcentury_4882,0,0,long,0.0
Midcentury_4882,0,0,medium,0.0
Midcentury_4882,0,0,short,0.0
Midcentury_4968,1,0,long,0.0
Midcentury_4968,1,0,medium,1.0
Midcentury_4968,1,0,short,1.0
Midcentury_4991,1,0,long,0.0
Midcentury_4991,1,0,medium,0.0
Midcentury_4991,1,0,short,0.0
Midcentury_5069,1,0,long,0.0
Midcentury_5069,1,0,medium,0.0
Midcentury_5069,1,0,short,0.0
Midcentury_5094,1,0,long,0.0
Midcentury_5094,1,0,medium,0.0
Midcentury_5094,1,0,short,0.0
Midcentury_5116,0,0,long,0.0
Midcentury_5116,0,0,medium,0.0
Midcentury_5116,0,0,short,0.0
Midcentury_5267,1,0,long,0.0
Midcentury_5267,1,0,medium,0.0
Midcentury_5267,1,0,short,0.0
Midcentury_5310,1,0,long,1.0
Midcentury_5310,1,0,medium,1.0
Midcentury_5310,1,0,short,1.0
Midcentury_5357,1,0,long,1.0
Midcentury_5357,1,0,medium,0.0
Midcentury_5357,1,0,short,0.0
Midcentury_5437,0,0,long,0.0
Midcentury_5437,0,0,medium,0.0
Midcentury_5437,0,0,short,0.0
Midcentury_5457,0,0,long,1.0
Midcentury_5457,0,0,medium,1.0
Midcentury_5457,0,0,short,1.0
Midcentury_5469,0,0,long,1.0
Midcentury_5469,0,0,medium,1.0
Midcentury_5469,0,0,short,1.0
Midcentury_5480,1,0,long,1.0
Midcentury_5480,1,0,medium,1.0
Midcentury_5480,1,0,short,1.0
Midcentury_5607,0,0,long,1.0
Midcentury_5607,0,0,medium,1.0
Midcentury_5607,0,0,short,1.0
Midcentury_5760,0,0,long,1.0
Midcentury_5760,0,0,medium,1.0
Midcentury_5760,0,0,short,1.0
Midcentury_5796,1,1,long,1.0
Midcentury_5796,1,1,medium,1.0
Midcentury_5796,1,1,short,0.0
Midcentury_5881,1,0,long,0.0
Midcentury_5881,1,0,medium,0.0
Midcentury_5881,1,0,short,0.0
Midcentury_5965,1,0,long,1.0
Midcentury_5965,1,0,medium,1.0
Midcentury_5965,1,0,short,1.0
Midcentury_6075,0,0,long,1.0
Midcentury_6075,0,0,medium,1.0
Midcentury_6075,0,0,short,1.0
Midcentury_6092,0,0,long,0.0
Midcentury_6092,0,0,medium,0.0
Midcentury_6092,0,0,short,0.0
Midcentury_6230,0,0,long,1.0
Midcentury_6230,0,0,medium,1.0
Midcentury_6230,0,0,short,1.0
Midcentury_6239,0,0,long,1.0
Midcentury_6239,0,0,medium,1.0
Midcentury_6239,0,0,short,1.0
Midcentury_6247,0,0,long,0.0
Midcentury_6247,0,0,medium,0.0
Midcentury_6247,0,0,short,0.0
Midcentury_6461,0,0,long,1.0
Midcentury_6461,0,0,medium,1.0
Midcentury_6461,0,0,short,1.0
Midcentury_6605,1,0,long,1.0
Midcentury_6605,1,0,medium,1.0
Midcentury_6605,1,0,short,1.0
Midcentury_6708,1,0,long,0.0
Midcentury_6708,1,0,medium,0.0
Midcentury_6708,1,0,short,0.0
Midcentury_6739,1,0,long,1.0
Midcentury_6739,1,0,medium,0.0
Midcentury_6739,1,0,short,1.0
Midcentury_6855,0,0,long,1.0
Midcentury_6855,0,0,medium,1.0
Midcentury_6855,0,0,short,1.0
Midcentury_6876,0,0,long,0.0
Midcentury_6876,0,0,medium,0.0
Midcentury_6876,0,0,short,0.0
Midcentury_6900,0,0,long,1.0
Midcentury_6900,0,0,medium,1.0
Midcentury_6900,0,0,short,1.0
Midcentury_6925,1,0,long,1.0
Midcentury_6925,1,0,medium,1.0
Midcentury_6925,1,0,short,1.0
Midcentury_7054,1,0,long,1.0
Midcentury_7054,1,0,medium,1.0
Midcentury_7054,1,0,short,1.0
Midcentury_7130,0,0,long,1.0
Midcentury_7130,0,0,medium,1.0
Midcentury_7130,0,0,short,1.0
Midcentury_7231,1,0,long,1.0
Midcentury_7231,1,0,medium,1.0
Midcentury_7231,1,0,short,1.0
Midcentury_7302,0,0,long,0.0
Midcentury_7302,0,0,medium,0.0
Midcentury_7302,0,0,short,0.0
Midcentury_7369,0,0,long,1.0
Midcentury_7369,0,0,medium,1.0
Midcentury_7369,0,0,short,1.0
Midcentury_7466,1,0,long,1.0
Midcentury_7466,1,0,medium,1.0
Midcentury_7466,1,0,short,1.0
Midcentury_7510,0,0,long,1.0
Midcentury_7510,0,0,medium,1.0
Midcentury_7510,0,0,short,1.0
Midcentury_7530,0,0,long,1.0
Midcentury_7530,0,0,medium,1.0
Midcentury_7530,0,0,short,1.0
Midcentury_7569,1,0,long,0.0
Midcentury_7569,1,0,medium,0.0
Midcentury_7569,1,0,short,0.0
Midcentury_7618,1,0,long,1.0
Midcentury_7618,1,0,medium,0.0
Midcentury_7618,1,0,short,1.0
Midcentury_7729,1,0,long,1.0
Midcentury_7729,1,0,medium,1.0
Midcentury_7729,1,0,short,1.0
Midcentury_7805,0,0,long,0.0
Midcentury_7805,0,0,medium,0.0
Midcentury_7805,0,0,short,0.0
Midcentury_7857,0,0,long,1.0
Midcentury_7857,0,0,medium,1.0
Midcentury_7857,0,0,short,1.0
Midcentury_7864,1,0,long,1.0
Midcentury_7864,1,0,medium,0.0
Midcentury_7864,1,0,short,0.0
Midcentury_7944,0,0,long,1.0
Midcentury_7944,0,0,medium,1.0
Midcentury_7944,0,0,short,1.0
Midcentury_7951,0,0,long,1.0
Midcentury_7951,0,0,medium,1.0
Midcentury_7951,0,0,short,1.0
Midcentury_8062,0,0,long,1.0
Midcentury_8062,0,0,medium,1.0
Midcentury_8062,0,0,short,1.0
Midcentury_8077,0,0,long,1.0
Midcentury_8077,0,0,medium,1.0
Midcentury_8077,0,0,short,1.0
Midcentury_8240,1,0,long,1.0
Midcentury_8240,1,0,medium,1.0
Midcentury_8240,1,0,short,1.0
Midcentury_8445,0,0,long,1.0
Midcentury_8445,0,0,medium,1.0
Midcentury_8445,0,0,short,1.0
Midcentury_8545,1,0,long,1.0
Midcentury_8545,1,0,medium,1.0
Midcentury_8545,1,0,short,1.0
Midcentury_8657,1,0,long,0.0
Midcentury_8657,1,0,medium,0.0
Midcentury_8657,1,0,short,0.0
Midcentury_8668,0,0,long,1.0
Midcentury_8668,0,0,medium,1.0
Midcentury_8668,0,0,short,1.0
Midcentury_8690,0,0,long,1.0
Midcentury_8690,0,0,medium,1.0
Midcentury_8690,0,0,short,1.0
Midcentury_8722,1,0,long,1.0
Midcentury_8722,1,0,medium,1.0
Midcentury_8722,1,0,short,1.0
Midcentury_898,0,0,long,1.0
Midcentury_898,0,0,medium,1.0
Midcentury_898,0,0,short,1.0
Midcentury_991,0,0,long,0.0
Midcentury_991,0,0,medium,0.0
Midcentury_991,0,0,short,0.0
